{"cameraMode":{"drawMode":0,"name":"Shaded","section":"Shading Mode"},"sceneLighting":false,"audioPlay":false,"sceneViewState":{"showFog":true,"showMaterialUpdate":false,"showSkybox":true,"showFlares":true,"showImageEffects":true,"showParticleSystems":true},"in2DMode":false,"pivot":{"x":-0.1793348789215088,"y":0.4808124303817749,"z":1.8807035684585572},"rotation":{"x":0.09946631640195847,"y":-0.8284927010536194,"z":0.1559017300605774,"w":0.5285841822624207},"size":4.135761260986328,"orthographic":false}