{"cameraMode":{"drawMode":0,"name":"Shaded","section":"Shading Mode"},"sceneLighting":false,"audioPlay":false,"sceneViewState":{"showFog":false,"showMaterialUpdate":false,"showSkybox":false,"showFlares":false,"showImageEffects":false,"showParticleSystems":false},"in2DMode":false,"pivot":{"x":-3.1538197994232179,"y":-1.337778091430664,"z":0.19546890258789063},"rotation":{"x":0.3612181842327118,"y":0.12118685245513916,"z":-0.04740840569138527,"w":0.9233574271202087},"size":21.010000228881837,"orthographic":false}