{"cameraMode":{"drawMode":0,"name":"Shaded","section":"Shading Mode"},"sceneLighting":true,"audioPlay":false,"sceneViewState":{"showFog":false,"showMaterialUpdate":false,"showSkybox":false,"showFlares":false,"showImageEffects":false,"showParticleSystems":false},"in2DMode":false,"pivot":{"x":0.8229748010635376,"y":-7.693041801452637,"z":6.12721061706543},"rotation":{"x":0.36850491166114809,"y":-0.00249673705548048,"z":0.0009838977130129934,"w":0.9296319484710693},"size":19.17833137512207,"orthographic":false}