{"cameraMode":{"drawMode":0,"name":"Shaded","section":"Shading Mode"},"sceneLighting":true,"audioPlay":false,"sceneViewState":{"showFog":false,"showMaterialUpdate":false,"showSkybox":false,"showFlares":false,"showImageEffects":false,"showParticleSystems":false},"in2DMode":false,"pivot":{"x":1.276247501373291,"y":-0.4239926338195801,"z":5.335116863250732},"rotation":{"x":0.1857721209526062,"y":0.020942291244864465,"z":-0.003967831376940012,"w":0.9823771715164185},"size":12.164883613586426,"orthographic":false}