{"cameraMode":{"drawMode":0,"name":"Shaded","section":"Shading Mode"},"sceneLighting":false,"audioPlay":false,"sceneViewState":{"showFog":false,"showMaterialUpdate":false,"showSkybox":false,"showFlares":false,"showImageEffects":false,"showParticleSystems":false},"in2DMode":false,"pivot":{"x":1.909396767616272,"y":0.4608190655708313,"z":-4.310985565185547},"rotation":{"x":0.0038394518196582796,"y":0.9636855721473694,"z":-0.013876086100935936,"w":0.2666874825954437},"size":2.9208288192749025,"orthographic":false}