{"cameraMode":{"drawMode":0,"name":"Shaded","section":"Shading Mode"},"sceneLighting":false,"audioPlay":false,"sceneViewState":{"showFog":false,"showMaterialUpdate":false,"showSkybox":false,"showFlares":false,"showImageEffects":false,"showParticleSystems":false},"in2DMode":false,"pivot":{"x":0.013367146253585816,"y":0.11392879486083985,"z":1.9211139678955079},"rotation":{"x":0.35166314244270327,"y":0.01544455997645855,"z":-0.005803016480058432,"w":0.9359822273254395},"size":4.545234203338623,"orthographic":false}