{"cameraMode":{"drawMode":0,"name":"Shaded","section":"Shading Mode"},"sceneLighting":false,"audioPlay":false,"sceneViewState":{"showFog":false,"showMaterialUpdate":false,"showSkybox":false,"showFlares":false,"showImageEffects":false,"showParticleSystems":false},"in2DMode":false,"pivot":{"x":-0.0879291296005249,"y":0.19417721033096314,"z":2.223365306854248},"rotation":{"x":0.011629028245806694,"y":-0.9883944988250732,"z":0.10806025564670563,"w":0.10627488046884537},"size":2.320829153060913,"orthographic":false}