{"cameraMode":{"drawMode":0,"name":"Shaded","section":"Shading Mode"},"sceneLighting":false,"audioPlay":false,"sceneViewState":{"showFog":false,"showMaterialUpdate":false,"showSkybox":false,"showFlares":false,"showImageEffects":false,"showParticleSystems":false},"in2DMode":false,"pivot":{"x":0.025889992713928224,"y":0.3025548458099365,"z":3.1012682914733888},"rotation":{"x":0.2465241700410843,"y":0.07694943249225617,"z":-0.019640076905488969,"w":0.96587735414505},"size":2.8917250633239748,"orthographic":false}