{"cameraMode":{"drawMode":0,"name":"Shaded","section":"Shading Mode"},"sceneLighting":true,"audioPlay":false,"sceneViewState":{"showFog":false,"showMaterialUpdate":false,"showSkybox":false,"showFlares":false,"showImageEffects":false,"showParticleSystems":false},"in2DMode":false,"pivot":{"x":1.6061277389526368,"y":-6.329549789428711,"z":6.9875593185424809},"rotation":{"x":0.3517072796821594,"y":-0.004212473519146442,"z":0.0015826931921765209,"w":0.9360991716384888},"size":20.62590217590332,"orthographic":false}