{"cameraMode":{"drawMode":0,"name":"Shaded","section":"Shading Mode"},"sceneLighting":false,"audioPlay":false,"sceneViewState":{"showFog":false,"showMaterialUpdate":false,"showSkybox":false,"showFlares":false,"showImageEffects":false,"showParticleSystems":false},"in2DMode":false,"pivot":{"x":1.9750187397003174,"y":0.5822883248329163,"z":-3.992234706878662},"rotation":{"x":0.0011204188922420145,"y":0.9977805614471436,"z":-0.017361002042889596,"w":0.06442657113075257},"size":2.9208288192749025,"orthographic":false}