{"cameraMode":{"drawMode":0,"name":"Shaded","section":"Shading Mode"},"sceneLighting":true,"audioPlay":false,"sceneViewState":{"showFog":false,"showMaterialUpdate":false,"showSkybox":false,"showFlares":false,"showImageEffects":false,"showParticleSystems":false},"in2DMode":false,"pivot":{"x":5.021862030029297,"y":-7.34970760345459,"z":3.338311195373535},"rotation":{"x":0.3558366298675537,"y":0.5839139223098755,"z":-0.3158910572528839,"w":0.6577537655830383},"size":19.17211151123047,"orthographic":false}