{"cameraMode":{"drawMode":0,"name":"Shaded","section":"Shading Mode"},"sceneLighting":false,"audioPlay":false,"sceneViewState":{"showFog":false,"showMaterialUpdate":false,"showSkybox":false,"showFlares":false,"showImageEffects":false,"showParticleSystems":false},"in2DMode":false,"pivot":{"x":0.207442045211792,"y":1.329947590827942,"z":-4.859581470489502},"rotation":{"x":0.001202922547236085,"y":0.9846327900886536,"z":-0.006792160216718912,"w":0.1745787262916565},"size":4.7918500900268559,"orthographic":false}