{"cameraMode":{"drawMode":0,"name":"Shaded","section":"Shading Mode"},"sceneLighting":true,"audioPlay":false,"sceneViewState":{"showFog":false,"showMaterialUpdate":false,"showSkybox":false,"showFlares":false,"showImageEffects":false,"showParticleSystems":false},"in2DMode":false,"pivot":{"x":0.5635085701942444,"y":-6.378839492797852,"z":4.271457195281982},"rotation":{"x":0.41950657963752749,"y":0.00028538855258375406,"z":-0.0001368861849186942,"w":0.9077615737915039},"size":17.046070098876954,"orthographic":false}