{"cameraMode":{"drawMode":0,"name":"Shaded","section":"Shading Mode"},"sceneLighting":true,"audioPlay":false,"sceneViewState":{"showFog":false,"showMaterialUpdate":false,"showSkybox":false,"showFlares":false,"showImageEffects":false,"showParticleSystems":false},"in2DMode":false,"pivot":{"x":-1.0617637634277344,"y":1.0740606784820557,"z":4.608875274658203},"rotation":{"x":-0.1271733194589615,"y":0.7867742776870728,"z":-0.17289181053638459,"w":-0.5787241458892822},"size":5.115926742553711,"orthographic":false}